{"t_low": 0.2035353535353536, "t_mid": 0.3535353535353536, "t_high": 0.9035353535353536}